NEW Name,Old Name,Classic Itinerary,Discovery Itinerary,CURRENT Price (USD),
Botswana Safari Escape: Chobe & Delta,"
BOTSWANA (6DAYS 4 STAR LUXURY)",https://wetu.com/Itinerary/Landing/beb602c9-63a8-48d0-b94a-026d5c177c20,https://itinerary.fairtradesafaris.com/ItineraryOutputs/Discovery/beb602c9-63a8-48d0-b94a-026d5c177c20?m=b,4150,
Botswana Luxury Safari: Chobe to Delta,BOTSWANA (8 DAYS 5 STAR LUXURY),https://wetu.com/Itinerary/Landing/e632e115-5816-438d-95bf-9f28cc029857,https://itinerary.fairtradesafaris.com/ItineraryOutputs/Discovery/e632e115-5816-438d-95bf-9f28cc029857?m=b,4485,
Kenya Safari Journey: Amboseli to Mara,AMBOSELI AND MASAI MARA (14 DAYS 4 STAR LUXURY),https://wetu.com/Itinerary/Landing/d13abfb7-c240-4286-9bdd-ba39f2902372,https://itinerary.fairtradesafaris.com/ItineraryOutputs/Discovery/d13abfb7-c240-4286-9bdd-ba39f2902372?m=b,3450,
Kenya Safari Trail: Nakuru to Mara,MASAI MARA & LAKE NAKURU SAFARI (14 DAYS 4 STAR LUXURY),https://wetu.com/Itinerary/Landing/d4b0d9b5-444b-4709-a4b7-72ccf17e74bc,https://itinerary.fairtradesafaris.com/ItineraryOutputs/Discovery/d4b0d9b5-444b-4709-a4b7-72ccf17e74bc?m=b,3950,
Kenya Northern Safari: Samburu to Mara,MASAI MARA & NORTHERN KENYA SAFARI (14 DAYS 4 STAR LUXURY),https://wetu.com/Itinerary/Landing/37259006-4060-4186-81d2-43780fffba63,https://itinerary.fairtradesafaris.com/ItineraryOutputs/Discovery/37259006-4060-4186-81d2-43780fffba63?m=b,3950,
Kenya Explorer Safari: Meru to Mara,"
MERU, LAIKIPIA AND MASAI MARA SAFARI (14 DAYS 4 STAR LUXURY)",https://wetu.com/Itinerary/Landing/ca251378-8ccc-4211-afb6-1df4ddbe73b6,https://itinerary.fairtradesafaris.com/ItineraryOutputs/Discovery/ca251378-8ccc-4211-afb6-1df4ddbe73b6?m=b,6985,
Luxury Kenya Safari: Ol Pejeta to Mara,MASAI MARA & NORTHERN KENYA SAFARI (14 DAYS 5 STAR LUXURY),https://wetu.com/Itinerary/Landing/73b7333f-e018-41fc-a999-d86f8c7695dc,https://itinerary.fairtradesafaris.com/ItineraryOutputs/Discovery/73b7333f-e018-41fc-a999-d86f8c7695dc?m=b,6685,
Kenya Luxury Safari: Meru to Mara," MERU, LAIKIPIA AND MASAI MARA SAFARI (14 DAYS 5 STAR LUXURY)",https://wetu.com/Itinerary/Landing/a7054dda-5563-4846-8d19-c3054f73d01e,https://itinerary.fairtradesafaris.com/ItineraryOutputs/Discovery/a7054dda-5563-4846-8d19-c3054f73d01e?m=b,7250,
Luxury Kenya Safari: Amboseli to Mara,AMBOSELI AND MASAI MARA (14 DAYS 5 STAR LUXURY),https://wetu.com/Itinerary/Landing/b6cdabbd-c8fa-46a8-8902-67f3298b9369,https://itinerary.fairtradesafaris.com/ItineraryOutputs/Discovery/b6cdabbd-c8fa-46a8-8902-67f3298b9369?m=b,5950,
Kenya Luxury Safari: Nakuru to Mara,MASAI MARA & LAKE NAKURU SAFARI (14 DAYS 5 STAR LUXURY),https://wetu.com/Itinerary/Landing/d40978e0-3f04-4e1d-a728-3b3cecca74c9,https://itinerary.fairtradesafaris.com/ItineraryOutputs/Discovery/d40978e0-3f04-4e1d-a728-3b3cecca74c9?m=b,6250,
Mombasa Beach Add-On: 4-Star Escape,KENYA BEACH & OCEAN SAFARI ADD ON (4 DAYS 4STAR LUXURY),https://wetu.com/Itinerary/Landing/f026efcb-bf71-4bd9-823a-d156ee7557db,https://itinerary.fairtradesafaris.com/ItineraryOutputs/Discovery/f026efcb-bf71-4bd9-823a-d156ee7557db?m=b,500,
Kenya Beach Add-On: Diani in 5-Star Style,KENYA BEACH & OCEAN SAFARI ADD ON (4 DAYS 5 STAR LUXURY),https://wetu.com/Itinerary/Landing/bfee8d88-24d0-4d0b-94c0-d7e7fc3d047f,https://itinerary.fairtradesafaris.com/ItineraryOutputs/Discovery/bfee8d88-24d0-4d0b-94c0-d7e7fc3d047f?m=b,890,
Great Masai Mara Safari Experience,THE GREAT MASAI MARA (9 DAYS 4 STAR LUXURY),https://wetu.com/Itinerary/Landing/abb1c02d-f4e6-47af-a7ac-c2404d985e13,https://itinerary.fairtradesafaris.com/ItineraryOutputs/Discovery/abb1c02d-f4e6-47af-a7ac-c2404d985e13?m=b,1985,
Great Masai Mara Luxury Safari Tour,THE GREAT MASAI MARA (9 DAYS 5 STAR LUXURY),https://wetu.com/Itinerary/Landing/83fbc6f3-5a19-4e47-b51d-ae6fb370c6cf,https://itinerary.fairtradesafaris.com/ItineraryOutputs/Discovery/83fbc6f3-5a19-4e47-b51d-ae6fb370c6cf?m=b,3985,
Kenya Big 5 Safari: Amboseli & Mara, BIG 5 SAFARIS IN KENYA (12 DAYS 4 STAR LUXURY),https://wetu.com/Itinerary/Landing/50e5a677-0380-40e1-a35a-31fe9d8cc1cb,https://itinerary.fairtradesafaris.com/ItineraryOutputs/Discovery/50e5a677-0380-40e1-a35a-31fe9d8cc1cb?m=b,3685,
Kenya Safari Escape: Laikipia to Mara, MASAI MARA AND LAIKIPIA SAFARI (12 DAYS 4 STAR LUXURY),https://wetu.com/Itinerary/Landing/b91624a2-7a63-4e47-9c8d-f94a7ac8e8b8,https://itinerary.fairtradesafaris.com/ItineraryOutputs/Discovery/b91624a2-7a63-4e47-9c8d-f94a7ac8e8b8?m=b,6150,
Kenya Safari Explorer: Mount Kenya to Mara,MASAI MARA AND MOUNT KENYA SAFARI (12 DAYS 4 STAR LUXURY),https://wetu.com/Itinerary/Landing/9963a32e-cbb5-47ae-b83b-29bc137e3e80,https://itinerary.fairtradesafaris.com/ItineraryOutputs/Discovery/9963a32e-cbb5-47ae-b83b-29bc137e3e80?m=b,3650,
Big 5 Kenya Luxury Safari: Amboseli & Mara,"
BIG 5 SAFARIS IN KENYA (12 DAYS 5 STAR LUXURY)",https://wetu.com/Itinerary/Landing/d75dccae-e357-4ee5-a180-c8b0928b046c,https://itinerary.fairtradesafaris.com/ItineraryOutputs/Discovery/d75dccae-e357-4ee5-a180-c8b0928b046c?m=b,5750,
Kenya Luxury Safari: Mount Kenya to Mara, MASAI MARA AND MOUNT KENYA SAFARI (12 DAYS 5 STAR LUXURY),https://wetu.com/Itinerary/Landing/310d49e4-d43e-4461-83b4-f81aec526d57,https://itinerary.fairtradesafaris.com/ItineraryOutputs/Discovery/310d49e4-d43e-4461-83b4-f81aec526d57?m=b,5950,
Kenya Luxury Safari: Laikipia to Mara,MASAI MARA AND LAIKIPIA SAFARI (12 DAYS 5 STAR LUXURY),https://wetu.com/Itinerary/Landing/062e236c-343f-4a16-8e12-c75acd900b1c,https://itinerary.fairtradesafaris.com/ItineraryOutputs/Discovery/062e236c-343f-4a16-8e12-c75acd900b1c?m=b,6350,
Kenya Safari Adventure: Nairobi to Mara,ULTIMATE KENYA SAFARI (13 DAYS 4 STAR LUXURY),https://wetu.com/Itinerary/Landing/2cc4f276-9215-4e14-9f48-dc51d5b1c22c,https://itinerary.fairtradesafaris.com/ItineraryOutputs/Discovery/2cc4f276-9215-4e14-9f48-dc51d5b1c22c?m=b,3285,
Ultimate Kenya Luxury Safari Adventure, ULTIMATE KENYA SAFARI (13 DAYS 5 STAR LUXURY),https://wetu.com/Itinerary/Landing/5e7ffd82-1315-4a31-a3aa-83f6f3a096cb,https://itinerary.fairtradesafaris.com/ItineraryOutputs/Discovery/5e7ffd82-1315-4a31-a3aa-83f6f3a096cb?m=b,5585,
Namibia Safari Journey: Desert to Etosha,NAMIBIA (12 DAYS 4 STAR LUXURY),https://wetu.com/Itinerary/Landing/a3b9e7bf-15d0-4e4a-b6f7-10fbd46d3901,https://itinerary.fairtradesafaris.com/ItineraryOutputs/Discovery/a3b9e7bf-15d0-4e4a-b6f7-10fbd46d3901?m=b,3950,
Namibia Luxury Safari: Dunes to Wildlife,NAMIBIA (12 DAYS 5 STAR LUXURY),https://wetu.com/Itinerary/Landing/8c80f564-09c0-467a-8cd5-8d04783ccccf,https://itinerary.fairtradesafaris.com/ItineraryOutputs/Discovery/8c80f564-09c0-467a-8cd5-8d04783ccccf?m=b,6985,
Johannesburg & Big Five Safari Tour,BIG 5 SAFARIS & JOHANNESBURG (9 DAYS 4 STAR LUXURY),https://wetu.com/Itinerary/Landing/35e7eeae-350e-4f9d-9ee4-1632032f0b71,https://itinerary.fairtradesafaris.com/ItineraryOutputs/Discovery/35e7eeae-350e-4f9d-9ee4-1632032f0b71?m=b,2750,
Johannesburg & Luxury Big Five Safari,BIG 5 SAFARIS & JOHANNESBURG (9 DAYS 5 STAR LUXURY),https://wetu.com/Itinerary/Landing/dde2afe0-1f43-498a-b86b-206dcee49ae4,https://itinerary.fairtradesafaris.com/ItineraryOutputs/Discovery/dde2afe0-1f43-498a-b86b-206dcee49ae4?m=b,3100,
Cape Town & Big Five Safari,BIG 5 SAFARI & CAPE TOWN (10 DAYS 4 STAR LUXURY),https://wetu.com/Itinerary/Landing/44bdb907-ff4d-40b5-9dba-4bc0af7bf2d3,https://itinerary.fairtradesafaris.com/ItineraryOutputs/Discovery/44bdb907-ff4d-40b5-9dba-4bc0af7bf2d3?m=b,2850,
Cape Town Elegance & Safari Splendor,BIG 5 SAFARI & CAPE TOWN (10 DAYS 5 STAR LUXURY),https://wetu.com/Itinerary/Landing/33aa2c8d-aeaf-4655-93c5-f2014fd797ce,https://itinerary.fairtradesafaris.com/ItineraryOutputs/Discovery/33aa2c8d-aeaf-4655-93c5-f2014fd797ce?m=b,3585,
South Africa Safari & Culture Tour,BIG 5 SAFARI + CULTURE (12 DAYS 4 STAR LUXURY),https://wetu.com/Itinerary/Landing/ff2a2ace-923b-475c-b5e7-d7e04fbb871e,https://itinerary.fairtradesafaris.com/ItineraryOutputs/Discovery/ff2a2ace-923b-475c-b5e7-d7e04fbb871e?m=b,3150,
Luxury Safari & Culture in South Africa,BIG 5 SAFARI + CULTURE (12 DAYS 5 STAR LUXURY),https://wetu.com/Itinerary/Landing/029891da-4967-4b39-8ef0-ef1d86874078,https://itinerary.fairtradesafaris.com/ItineraryOutputs/Discovery/029891da-4967-4b39-8ef0-ef1d86874078?m=b,3985,
Tanzania Safari: Serengeti to Ngorongoro,TANZANIA HIGHLIGHTS (10 DAYS 4 STAR LUXURY),https://wetu.com/Itinerary/Landing/c55f69f8-655f-44cc-a206-22c103c90c34,https://itinerary.fairtradesafaris.com/ItineraryOutputs/Discovery/c55f69f8-655f-44cc-a206-22c103c90c34?m=b,2885,
Luxury Tanzania Safari: Ndutu to Ngorongoro,TANZANIA HIGHLIGHTS (10 DAYS 5 STAR LUXURY),https://wetu.com/Itinerary/Landing/9c54b436-0e3e-454e-a5d4-11708bf98971,https://itinerary.fairtradesafaris.com/ItineraryOutputs/Discovery/9c54b436-0e3e-454e-a5d4-11708bf98971?m=b,2985,
Luxury Tanzania Safari: Migration & Crater,MIGRATION & NGORONGORO (12 DAYS 5 STAR LUXURY),https://wetu.com/Itinerary/Landing/44d2e026-1cf0-4e36-b680-225695219bf7,https://itinerary.fairtradesafaris.com/ItineraryOutputs/Discovery/44d2e026-1cf0-4e36-b680-225695219bf7?m=b,4585,
Tanzania Migration & Ngorongoro Safari,MIGRATION & NGORONGORO (12 DAYS  4 STAR LUXURY),https://wetu.com/Itinerary/Landing/d84e5a9e-cfde-44e2-a787-9636e4e3f8ac,https://itinerary.fairtradesafaris.com/ItineraryOutputs/Discovery/d84e5a9e-cfde-44e2-a787-9636e4e3f8ac?m=b,3550,
Tanzania Safari: Tarangire to Serengeti,TANZANIA HIGHLIGHTS (13 DAYS 4 STAR LUXURY),https://wetu.com/Itinerary/Landing/9e3ad4ca-697b-40dc-b886-3f84bc486ba6,https://itinerary.fairtradesafaris.com/ItineraryOutputs/Discovery/9e3ad4ca-697b-40dc-b886-3f84bc486ba6?m=b,4185,
Luxury Tanzania Safari: Serengeti & Ngorongoro,TANZANIA HIGHLIGHTS (13 DAYS 5 STAR LUXURY),https://wetu.com/Itinerary/Landing/5d0bfb05-ee50-4c3b-98b7-6bd6908b582b,https://itinerary.fairtradesafaris.com/ItineraryOutputs/Discovery/5d0bfb05-ee50-4c3b-98b7-6bd6908b582b?m=b,4585,
Zanzibar Beach & Culture Add-On Tour,ZANZIBAR ADD ON (4 DAYS 4 STAR LUXURY),https://wetu.com/Itinerary/Landing/664bc78c-b492-47da-b681-20c19ba7c646,https://itinerary.fairtradesafaris.com/ItineraryOutputs/Discovery/664bc78c-b492-47da-b681-20c19ba7c646?m=b,650,
Zanzibar Luxury Add-On: Culture & Coast,ZANZIBAR ADD ON (4 DAYS 5 STAR LUXURY),https://wetu.com/Itinerary/Landing/f977fe35-68bc-4ad6-a09a-aa3c6c012a83,https://itinerary.fairtradesafaris.com/ItineraryOutputs/Discovery/f977fe35-68bc-4ad6-a09a-aa3c6c012a83?m=b,750,
Victoria Falls 4-Star Safari Add-On,VICTORIA FALLS ADD ON  (2 DAY 4 STAR LUXURY),https://wetu.com/Itinerary/Landing/960eea37-da1f-4491-ab3b-ffdba4a64d85,https://itinerary.fairtradesafaris.com/ItineraryOutputs/Discovery/960eea37-da1f-4491-ab3b-ffdba4a64d85?m=b,600,
Victoria Falls Luxury Add-On Tour,VICTORIA FALLS ADD ON (2 DAYS 5 STAR LUXURY),https://wetu.com/Itinerary/Landing/01d0e078-38f7-4c96-b906-582785335f5e,https://itinerary.fairtradesafaris.com/ItineraryOutputs/Discovery/01d0e078-38f7-4c96-b906-582785335f5e?m=b,800,
,,,,,
,,,,,
,,,,,
,,,,,
,,,,,
,,,,,
,,,,,
,,,,,
,,,,,
,,,,,
,,,,,
,,,,,
,,,,,
,,,,,
,,,,,
,,,,,
,,,,,
,,,,,
,,,,,
,,,,,
,,,,,
,,,,,
,,,,,
,,,,,
,,,,,
,,,,,
,,,,,
,,,,,
,,,,,
,,,,,
,,,,,
,,,,,
,,,,,
,,,,,
,,,,,
,,,,,
,,,,,
,,,,,
,,,,,
,,,,,
,,,,,
,,,,,
,,,,,
,,,,,
,,,,,
,,,,,
,,,,,
,,,,,
,,,,,
,,,,,
,,,,,
,,,,,
,,,,,
,,,,,
,,,,,
,,,,,
,,,,,
,,,,,
,,,,,
,,,,,
,,,,,
,,,,,
,,,,,
,,,,,
,,,,,
,,,,,
,,,,,
,,,,,
,,,,,
,,,,,
,,,,,
,,,,,
,,,,,
,,,,,
,,,,,
,,,,,
,,,,,
,,,,,
,,,,,
,,,,,
,,,,,
,,,,,
,,,,,
,,,,,
,,,,,
,,,,,
,,,,,
,,,,,
,,,,,
,,,,,
,,,,,
,,,,,
,,,,,
,,,,,
,,,,,
,,,,,
,,,,,
,,,,,
,,,,,
,,,,,
,,,,,
,,,,,
,,,,,
,,,,,
,,,,,
,,,,,
,,,,,
,,,,,
,,,,,
,,,,,
,,,,,
,,,,,
,,,,,
,,,,,
,,,,,
,,,,,
,,,,,
,,,,,
,,,,,
,,,,,
,,,,,
,,,,,
,,,,,
,,,,,
,,,,,
,,,,,
,,,,,
,,,,,
,,,,,
,,,,,
,,,,,
,,,,,
,,,,,
,,,,,
,,,,,
,,,,,
,,,,,
,,,,,
,,,,,
,,,,,
,,,,,
,,,,,
,,,,,
,,,,,
,,,,,
,,,,,
,,,,,
,,,,,
,,,,,
,,,,,
,,,,,
,,,,,
,,,,,
,,,,,
,,,,,
,,,,,
,,,,,
,,,,,
,,,,,
,,,,,
,,,,,
,,,,,
,,,,,
,,,,,
,,,,,
,,,,,
,,,,,
,,,,,
,,,,,
,,,,,
,,,,,
,,,,,
,,,,,
,,,,,
,,,,,
,,,,,
,,,,,
,,,,,
,,,,,
,,,,,
,,,,,
,,,,,
,,,,,
,,,,,
,,,,,
,,,,,
,,,,,
,,,,,
,,,,,
,,,,,
,,,,,
,,,,,
,,,,,
,,,,,
,,,,,
,,,,,
,,,,,
,,,,,
,,,,,
,,,,,
,,,,,
,,,,,
,,,,,
,,,,,
,,,,,
,,,,,
,,,,,
,,,,,
,,,,,
,,,,,
,,,,,
,,,,,
,,,,,
,,,,,
,,,,,
,,,,,
,,,,,
,,,,,
,,,,,
,,,,,
,,,,,
,,,,,
,,,,,
,,,,,
,,,,,
,,,,,
,,,,,
,,,,,
,,,,,
,,,,,
,,,,,
,,,,,
,,,,,
,,,,,
,,,,,
,,,,,
,,,,,
,,,,,
,,,,,
,,,,,
,,,,,
,,,,,
,,,,,
,,,,,
,,,,,
,,,,,
,,,,,
,,,,,
,,,,,
,,,,,
,,,,,
,,,,,
,,,,,
,,,,,
,,,,,
,,,,,
,,,,,
,,,,,
,,,,,
,,,,,
,,,,,
,,,,,
,,,,,
,,,,,
,,,,,
,,,,,
,,,,,
,,,,,
,,,,,
,,,,,
,,,,,
,,,,,
,,,,,
,,,,,
,,,,,
,,,,,
,,,,,
,,,,,
,,,,,
,,,,,
,,,,,
,,,,,
,,,,,
,,,,,
,,,,,
,,,,,
,,,,,
,,,,,
,,,,,
,,,,,
,,,,,
,,,,,
,,,,,
,,,,,
,,,,,
,,,,,
,,,,,
,,,,,
,,,,,
,,,,,
,,,,,
,,,,,
,,,,,
,,,,,
,,,,,
,,,,,
,,,,,
,,,,,
,,,,,
,,,,,
,,,,,
,,,,,
,,,,,
,,,,,
,,,,,
,,,,,
,,,,,
,,,,,
,,,,,
,,,,,
,,,,,
,,,,,
,,,,,
,,,,,
,,,,,
,,,,,
,,,,,
,,,,,
,,,,,
,,,,,
,,,,,
,,,,,
,,,,,
,,,,,
,,,,,
,,,,,
,,,,,
,,,,,
,,,,,
,,,,,
,,,,,
,,,,,
,,,,,
,,,,,
,,,,,
,,,,,
,,,,,
,,,,,
,,,,,
,,,,,
,,,,,
,,,,,
,,,,,
,,,,,
,,,,,
,,,,,
,,,,,
,,,,,
,,,,,
,,,,,
,,,,,
,,,,,
,,,,,
,,,,,
,,,,,
,,,,,
,,,,,
,,,,,
,,,,,
,,,,,
,,,,,
,,,,,
,,,,,
,,,,,
,,,,,
,,,,,
,,,,,
,,,,,
,,,,,
,,,,,
,,,,,
,,,,,
,,,,,
,,,,,
,,,,,
,,,,,
,,,,,
,,,,,
,,,,,
,,,,,
,,,,,
,,,,,
,,,,,
,,,,,
,,,,,
,,,,,
,,,,,
,,,,,
,,,,,
,,,,,
,,,,,
,,,,,
,,,,,
,,,,,
,,,,,
,,,,,
,,,,,
,,,,,
,,,,,
,,,,,
,,,,,
,,,,,
,,,,,
,,,,,
,,,,,
,,,,,
,,,,,
,,,,,
,,,,,
,,,,,
,,,,,
,,,,,
,,,,,
,,,,,
,,,,,
,,,,,
,,,,,
,,,,,
,,,,,
,,,,,
,,,,,
,,,,,
,,,,,
,,,,,
,,,,,
,,,,,
,,,,,
,,,,,
,,,,,
,,,,,
,,,,,
,,,,,
,,,,,
,,,,,
,,,,,
,,,,,
,,,,,
,,,,,
,,,,,
,,,,,
,,,,,
,,,,,
,,,,,
,,,,,
,,,,,
,,,,,
,,,,,
,,,,,
,,,,,
,,,,,
,,,,,
,,,,,
,,,,,
,,,,,
,,,,,
,,,,,
,,,,,
,,,,,
,,,,,
,,,,,
,,,,,
,,,,,
,,,,,
,,,,,
,,,,,
,,,,,
,,,,,
,,,,,
,,,,,
,,,,,
,,,,,
,,,,,
,,,,,
,,,,,
,,,,,
,,,,,
,,,,,
,,,,,
,,,,,
,,,,,
,,,,,
,,,,,
,,,,,
,,,,,
,,,,,
,,,,,
,,,,,
,,,,,
,,,,,
,,,,,
,,,,,
,,,,,
,,,,,
,,,,,
,,,,,
,,,,,
,,,,,
,,,,,
,,,,,
,,,,,
,,,,,
,,,,,
,,,,,
,,,,,
,,,,,
,,,,,
,,,,,
,,,,,
,,,,,
,,,,,
,,,,,
,,,,,
,,,,,
,,,,,
,,,,,
,,,,,
,,,,,
,,,,,
,,,,,
,,,,,
,,,,,
,,,,,
,,,,,
,,,,,
,,,,,
,,,,,
,,,,,
,,,,,
,,,,,
,,,,,
,,,,,
,,,,,
,,,,,
,,,,,
,,,,,
,,,,,
,,,,,
,,,,,
,,,,,
,,,,,
,,,,,
,,,,,
,,,,,
,,,,,
,,,,,
,,,,,
,,,,,
,,,,,
,,,,,
,,,,,
,,,,,
,,,,,
,,,,,
,,,,,
,,,,,
,,,,,
,,,,,
,,,,,
,,,,,
,,,,,
,,,,,
,,,,,
,,,,,
,,,,,
,,,,,
,,,,,
,,,,,
,,,,,
,,,,,
,,,,,
,,,,,
,,,,,
,,,,,
,,,,,
,,,,,
,,,,,
,,,,,
,,,,,
,,,,,
,,,,,
,,,,,
,,,,,
,,,,,
,,,,,
,,,,,
,,,,,
,,,,,
,,,,,
,,,,,
,,,,,
,,,,,
,,,,,
,,,,,
,,,,,
,,,,,
,,,,,
,,,,,
,,,,,
,,,,,
,,,,,
,,,,,
,,,,,
,,,,,
,,,,,
,,,,,
,,,,,
,,,,,
,,,,,
,,,,,
,,,,,
,,,,,
,,,,,
,,,,,
,,,,,
,,,,,
,,,,,
,,,,,
,,,,,
,,,,,
,,,,,
,,,,,
,,,,,
,,,,,
,,,,,
,,,,,
,,,,,
,,,,,
,,,,,
,,,,,
,,,,,
,,,,,
,,,,,
,,,,,
,,,,,
,,,,,
,,,,,
,,,,,
,,,,,
,,,,,
,,,,,
,,,,,
,,,,,
,,,,,
,,,,,
,,,,,
,,,,,
,,,,,
,,,,,
,,,,,
,,,,,
,,,,,
,,,,,
,,,,,
,,,,,
,,,,,
,,,,,
,,,,,
,,,,,
,,,,,
,,,,,
,,,,,
,,,,,
,,,,,
,,,,,
,,,,,
,,,,,
,,,,,
,,,,,
,,,,,
,,,,,
,,,,,
,,,,,
,,,,,
,,,,,
,,,,,
,,,,,
,,,,,
,,,,,
,,,,,
,,,,,
,,,,,
,,,,,
,,,,,
,,,,,
,,,,,
,,,,,
,,,,,
,,,,,
,,,,,
,,,,,
,,,,,
,,,,,
,,,,,
,,,,,
,,,,,
,,,,,
,,,,,
,,,,,
,,,,,
,,,,,
,,,,,
,,,,,
,,,,,
,,,,,
,,,,,
,,,,,
,,,,,
,,,,,
,,,,,
,,,,,
,,,,,
,,,,,
,,,,,
,,,,,
,,,,,
,,,,,
,,,,,
,,,,,
,,,,,
,,,,,
,,,,,
,,,,,
,,,,,
,,,,,
,,,,,
,,,,,
,,,,,
,,,,,
,,,,,
,,,,,
,,,,,
,,,,,
,,,,,
,,,,,
,,,,,
,,,,,
,,,,,
,,,,,
,,,,,
,,,,,
,,,,,
,,,,,
,,,,,
,,,,,
,,,,,
,,,,,
,,,,,
,,,,,
,,,,,
,,,,,
,,,,,
,,,,,
,,,,,
,,,,,
,,,,,
,,,,,
,,,,,
,,,,,
,,,,,
,,,,,
,,,,,
,,,,,
,,,,,
,,,,,
,,,,,
,,,,,
,,,,,
,,,,,
,,,,,
,,,,,
,,,,,
,,,,,
,,,,,
,,,,,
,,,,,
,,,,,
,,,,,
,,,,,
,,,,,
,,,,,
,,,,,
,,,,,
,,,,,
,,,,,
,,,,,
,,,,,
,,,,,
,,,,,
,,,,,
,,,,,
,,,,,
,,,,,
,,,,,
,,,,,
,,,,,
,,,,,
,,,,,
,,,,,
,,,,,
,,,,,
,,,,,
,,,,,
,,,,,
,,,,,
,,,,,
,,,,,
,,,,,
,,,,,
,,,,,
,,,,,
,,,,,
,,,,,
,,,,,
,,,,,
,,,,,
,,,,,
,,,,,
,,,,,
,,,,,
,,,,,
,,,,,
,,,,,
,,,,,
,,,,,
,,,,,
,,,,,
,,,,,
,,,,,
,,,,,
,,,,,
,,,,,
,,,,,
,,,,,
,,,,,
,,,,,
,,,,,
,,,,,
,,,,,
,,,,,
,,,,,
,,,,,
,,,,,
,,,,,
,,,,,
,,,,,
,,,,,
,,,,,
,,,,,
,,,,,
,,,,,
,,,,,
,,,,,
,,,,,
,,,,,
,,,,,
,,,,,
,,,,,
,,,,,
,,,,,
,,,,,
,,,,,
,,,,,
,,,,,
,,,,,
,,,,,
,,,,,
,,,,,
,,,,,
,,,,,
,,,,,
,,,,,
,,,,,
,,,,,
,,,,,
,,,,,
,,,,,
,,,,,
,,,,,
,,,,,
,,,,,
,,,,,
,,,,,
,,,,,
,,,,,
,,,,,
,,,,,
,,,,,
,,,,,
,,,,,
,,,,,
,,,,,
,,,,,
,,,,,
,,,,,
,,,,,
,,,,,
,,,,,
,,,,,
,,,,,
,,,,,
,,,,,
,,,,,
,,,,,
,,,,,
,,,,,
,,,,,
,,,,,
,,,,,
,,,,,
,,,,,
,,,,,
,,,,,
,,,,,
,,,,,
,,,,,
,,,,,
,,,,,
,,,,,
,,,,,
,,,,,
,,,,,
,,,,,
,,,,,
,,,,,
,,,,,
,,,,,
,,,,,
,,,,,
,,,,,
,,,,,
,,,,,
,,,,,
,,,,,
,,,,,
,,,,,
,,,,,
,,,,,
,,,,,
,,,,,
,,,,,
,,,,,
,,,,,
,,,,,
,,,,,
,,,,,
,,,,,
,,,,,
,,,,,
,,,,,
